id,title,viewCount,likeCount,publishedDate,subsciberCount,thumbnail
https://www.youtube.com/watch?v=mmv8X0soiVY,space gear l400,0,0,2023-06-02T16:24:11Z,18,https://i.ytimg.com/vi/mmv8X0soiVY/hqdefault.jpg
https://www.youtube.com/watch?v=OUrE8Q3fIcY,ë‚¨ë“¤ì´ ë””ì•„4í• ë•Œ ì €ëŠ” RTSë§Œ í•©ë‹ˆë‹¤ ìŠ¤í˜ì´ìŠ¤ê¸°ì–´ì¦ˆ(SPACE GEARS) ì‚¬ì „ í…ŒìŠ¤íŠ¸,362,13,2023-06-02T15:55:25Z,7980,https://i.ytimg.com/vi/OUrE8Q3fIcY/hqdefault.jpg
https://www.youtube.com/watch?v=7JRSp9BkrSI,[ì‹ ì‘ ê²Œì„] êµ­ì‚° SF ì „ëµ RTS ê²Œì„ 'ìŠ¤í˜ì´ìŠ¤ ê¸°ì–´ì¦ˆ' í”Œë ˆì´. í™”ì„± í…Œë¼í¬ë° ì‹¤ì‹œê°„ ì „ëµ ì‹œë®¬ë ˆì´ì…˜ SLG ê²Œì„ ê¸°ëŒ€ì‘? (2023ë…„ ì¶œì‹œì˜ˆì • ìŠ¤íŒ€ PC ê²Œì„),119,2,2023-06-02T12:53:41Z,6270,https://i.ytimg.com/vi/7JRSp9BkrSI/hqdefault.jpg
https://www.youtube.com/watch?v=c1ZpG5QRFs0,ãƒ†ãƒ³ãƒã®é€Ÿã„æˆ¦é—˜ãŒãƒ¡ã‚¤ãƒ³ã®æ–°ä½œRTSã€Space Gearsãƒ—ãƒ¬ã‚¤ãƒ†ã‚¹ãƒˆã€‘å®Ÿæ³,352,5,2023-06-02T12:44:54Z,25600,https://i.ytimg.com/vi/c1ZpG5QRFs0/hqdefault.jpg
https://www.youtube.com/watch?v=JwXksV7Undc,ğŸ”´ Space Gears Playtest,7,0,2023-06-02T12:16:30Z,327,https://i.ytimg.com/vi/JwXksV7Undc/hqdefault.jpg
https://www.youtube.com/watch?v=QvaiVdXzuxw,Space Gears [FR] Un RTS en ligne! Assemblez une armÃ©e de Mecha pour controller et terraformer Mars!,4182,300,2023-06-02T10:00:30Z,417000,https://i.ytimg.com/vi/QvaiVdXzuxw/hqdefault.jpg
https://www.youtube.com/watch?v=9gvFLPFpWtc,Getting lost in the Colony Cruiser ğŸµ Monkey Losing Gear in Space,0,1,2023-06-02T01:54:54Z,9530,https://i.ytimg.com/vi/9gvFLPFpWtc/hqdefault_live.jpg
https://www.youtube.com/watch?v=9y0lOs4rb3I,ë…¸ë°”1492 íƒí‹°ì»¬ì»¤ë§¨ë”ìŠ¤ ì´í›„ 20ì—¬ë…„ë§Œì˜ ì˜¨ë¼ì¸ ì „ëµì‹œë®¬ë ˆì´ì…˜ ìŠ¤í˜ì´ìŠ¤ ê¸°ì–´ì¦ˆ(Space Gears) :  ì „ëµì‹œë®¬ë ˆì´ì…˜ rtsgame,1364,41,2023-06-01T15:45:00Z,7980,https://i.ytimg.com/vi/9y0lOs4rb3I/hqdefault.jpg
https://www.youtube.com/watch?v=Xov7XjPurFg,ìŠ¤í˜ì´ìŠ¤ê¸°ì–´ì¦ˆ(SPACE GEARS) ì‚¬ì „ í…ŒìŠ¤íŠ¸ ì‹ ì‘ êµ­ì‚° ì „ëµì‹œë®¬ë ˆì´ì…˜,801,15,2023-06-01T15:18:41Z,7980,https://i.ytimg.com/vi/Xov7XjPurFg/hqdefault.jpg
https://www.youtube.com/watch?v=EyspLHquP9s,Space Gearsï½œê²Œì„ ê¸°ì´ˆ ê°€ì´ë“œ,1669,29,2023-06-01T06:12:20Z,322,https://i.ytimg.com/vi/EyspLHquP9s/hqdefault.jpg
https://www.youtube.com/watch?v=U5yyuGkcjbc,Space Gearsï½œí™”ì„±ì—ì„œ ì„ë¬´ë¥¼ ìˆ˜í–‰í•  ì‚¬ë ¹ê´€ë“¤ê»˜ ì²« ì¸ì‚¬ ë“œë¦½ë‹ˆë‹¤!ğŸ¤—,771,33,2023-06-01T06:12:14Z,322,https://i.ytimg.com/vi/U5yyuGkcjbc/hqdefault.jpg
https://www.youtube.com/watch?v=zv0Hw_do1gY,20ì—¬ë…„ë§Œì˜ êµ­ì‚° ì˜¨ë¼ì¸ ì „ëµì‹œë®¬ë ˆì´ì…˜ SPACE GEARS -  :  ì „ëµì‹œë®¬ë ˆì´ì…˜ rtsgame,452,12,2023-05-31T22:00:35Z,7980,https://i.ytimg.com/vi/zv0Hw_do1gY/hqdefault.jpg
https://www.youtube.com/watch?v=HDHL0W2LRXM,Space Engineers Fully Retractable Landing Gear Teaser,275,18,2023-05-31T21:00:13Z,1000,https://i.ytimg.com/vi/HDHL0W2LRXM/hqdefault.jpg
https://www.youtube.com/watch?v=2qwvz_tw6GE,Space Gears [PC] PvP Showdown Trailer,90,1,2023-05-26T17:47:50Z,10100,https://i.ytimg.com/vi/2qwvz_tw6GE/hqdefault.jpg
https://www.youtube.com/watch?v=8bpns_jYpj8,[ë¯¸ìŠ¤íƒ€ë¡œë¹ˆ] êµ­ì‚° ì‹ ì‘! RTS ìŠ¤í˜ì´ìŠ¤ ê¸°ì–´ì¦ˆ PVP I Space gears,1866,36,2023-05-26T14:04:01Z,19900,https://i.ytimg.com/vi/8bpns_jYpj8/hqdefault.jpg
https://www.youtube.com/watch?v=6v7hKkdpIUc,Warhammer 40.000 SPACE MARINE 2 : Combat Gameplay Trailer 4K,5955,69,2023-05-26T10:01:54Z,520000,https://i.ytimg.com/vi/6v7hKkdpIUc/hqdefault.jpg
https://www.youtube.com/watch?v=3HnxDMQiB34,Space Gearsï½œã€Œí‰ì› ì‡¼ë‹¤ìš´ã€ PvP ê²Œì„ í”Œë ˆì´ í•˜ì´ë¼ì´íŠ¸,2563,44,2023-05-26T01:46:49Z,322,https://i.ytimg.com/vi/3HnxDMQiB34/hqdefault.jpg
https://www.youtube.com/watch?v=DJ63Hf8MSjQ,"A SERIOUS COMPETITOR to GEARS OF WAR -  Warhammer 40,000: Space Marine 2",17,3,2023-05-25T19:43:43Z,370,https://i.ytimg.com/vi/DJ63Hf8MSjQ/hqdefault.jpg
https://www.youtube.com/watch?v=dUQ0aU0YL9E,Enemy Fabricator is captured | Battle in space is happening | Gears of War 4 |  EP 4,24,7,2023-05-24T12:30:08Z,89,https://i.ytimg.com/vi/dUQ0aU0YL9E/hqdefault.jpg
https://www.youtube.com/watch?v=aJ4o71jNupo,ìŠ¤í˜ì´ìŠ¤ê¸°ì–´ì¦ˆ(SPACE GEARS) 2023ë…„  ë…¸ë°”1492 + íƒí‹°ì»¬ì»¤ë§¨ë”ìŠ¤ì—ì„œ í™˜ìƒí•œ êµ­ì‚° ì „ëµì‹œë®¬ë ˆì´ì…˜ rtsgame,891,33,2023-05-23T14:33:03Z,7980,https://i.ytimg.com/vi/aJ4o71jNupo/hqdefault.jpg
https://www.youtube.com/watch?v=CanazpsZLB4,"Dead Space 3 coop part 14, Cover shooting, what is this Gears of War",18,1,2023-05-22T03:48:25Z,21,https://i.ytimg.com/vi/CanazpsZLB4/hqdefault.jpg
https://www.youtube.com/watch?v=T6RjsseTR14,Jubilee Academy Sendero GEAR UP Space Exploration CAMP,19,0,2023-05-16T22:12:58Z,912,https://i.ytimg.com/vi/T6RjsseTR14/hqdefault.jpg
https://www.youtube.com/watch?v=EJ52vnrER_w,Marcus Fenix vs Isaac Clarke (Gears of War vs Dead Space),1173,54,2023-05-12T18:54:21Z,1010,https://i.ytimg.com/vi/EJ52vnrER_w/hqdefault.jpg
https://www.youtube.com/watch?v=qWHZp29Xnbs,Outer Space: War Gears - Alpha Campaign Trailer,149,6,2023-05-11T13:25:38Z,246,https://i.ytimg.com/vi/qWHZp29Xnbs/hqdefault.jpg
https://www.youtube.com/watch?v=nVI_u5xW560,[E7] How to Free Up Inventory Space - Gear Holding Explained,838,23,2023-05-09T04:00:56Z,133,https://i.ytimg.com/vi/nVI_u5xW560/hqdefault.jpg
https://www.youtube.com/watch?v=GQD3EHvqv18,Game Boy on a budget - 1996 Mitsubishi Delica L 400 Space Gear For Sale,73,2,2023-05-04T05:59:34Z,1120,https://i.ytimg.com/vi/GQD3EHvqv18/hqdefault.jpg
https://www.youtube.com/watch?v=pkALeRv8Ruc,Space Gear è®Šé€Ÿç®±æ¿¾ç¶²æ›´æ› èšŠé¦™å¼Ÿå¼Ÿçš„å·¥ä½œæ—¥å¸¸,1129,19,2023-05-03T15:42:32Z,855,https://i.ytimg.com/vi/pkALeRv8Ruc/hqdefault.jpg
https://www.youtube.com/watch?v=jjGXVvIGyUw,æ²¹è€—æ¸¬è©¦ Space Gear 2.4 å››è¼ªé©…å‹• æ‰‹æ’ (ç¬¬ä¸€å›) MITSUBISHI MVI 7089,2243,42,2023-05-01T02:00:08Z,905000,https://i.ytimg.com/vi/jjGXVvIGyUw/hqdefault.jpg
https://www.youtube.com/watch?v=yXPjBY-isyc,æ²¹ç®±åŠ æ»¿ç³»åˆ—ä¹‹çŒœçŒœçœ‹ Space Gear 2.4 å››è¼ªé©…å‹• æ‰‹æ’ æ²¹ç®±åŠ æ»¿è¦å¹¾å…¬å‡ MITSUBISHI ä¸­è¯ä¸‰è± 4WD MVI 7085,3006,61,2023-04-30T03:00:11Z,905000,https://i.ytimg.com/vi/yXPjBY-isyc/hqdefault.jpg
https://www.youtube.com/watch?v=szZ_ziyhZ2c,"Moon mystery China, Japan scientists have no answers for mysterious space gear disappearances",86,0,2023-04-28T14:22:04Z,1020,https://i.ytimg.com/vi/szZ_ziyhZ2c/hqdefault.jpg
https://www.youtube.com/watch?v=xI4RDeM1T_0,Gaffer & Gear 225 -  Aputure Space Light,7953,332,2023-04-24T22:00:27Z,42600,https://i.ytimg.com/vi/xI4RDeM1T_0/hqdefault.jpg
https://www.youtube.com/watch?v=MmKIPPPUgi8,Space Gears - ç«æ˜Ÿã‚’èˆå°ã«ã—ãŸæ¬¡ä¸–ä»£RTSã‚²ãƒ¼ãƒ ã€æ–°ä½œã‚²ãƒ¼ãƒ ãƒˆãƒ¬ãƒ¼ãƒ©ãƒ¼ã€‘,267,0,2023-04-24T15:00:53Z,25600,https://i.ytimg.com/vi/MmKIPPPUgi8/hqdefault.jpg
https://www.youtube.com/watch?v=dqYP21FeJ2o,SPACE GEARS - Playtest Now Available - New MECH RTS Game 2023,23,1,2023-04-22T21:00:12Z,254,https://i.ytimg.com/vi/dqYP21FeJ2o/hqdefault.jpg
https://www.youtube.com/watch?v=OjDevazrzxE,SPACE GEARS   - Playtest Now Available   - New MECH RTS Game 2023,3052,132,2023-04-21T19:52:12Z,166000,https://i.ytimg.com/vi/OjDevazrzxE/hqdefault.jpg
https://www.youtube.com/watch?v=AHrfSPiwm7o,Space Gears [PC] Cinematic Trailer,123,2,2023-04-21T15:56:57Z,10100,https://i.ytimg.com/vi/AHrfSPiwm7o/hqdefault.jpg
https://www.youtube.com/watch?v=UPOVAXKwak4,Space Gearsï½œOfficial ì‹œë„¤ë§ˆí‹± íŠ¸ë ˆì¼ëŸ¬,3914,95,2023-04-21T06:34:43Z,322,https://i.ytimg.com/vi/UPOVAXKwak4/hqdefault.jpg
https://www.youtube.com/watch?v=By6Ynqs75Ng,[ë¯¸ìŠ¤íƒ€ë¡œë¹ˆ] êµ­ì‚° ë©”ì¹´ë‹‰ RTS ë² íƒ€ í…ŒìŠ¤íŠ¸ê°€ ì°¾ì•„ì˜µë‹ˆë‹¤! I Space Gears,2538,53,2023-04-20T09:19:10Z,19900,https://i.ytimg.com/vi/By6Ynqs75Ng/hqdefault.jpg
https://www.youtube.com/watch?v=Hq6hBcY-ZX0,Collapses for storage âœ…  70L of space âœ…  Waterproof materials âœ…  Gear management game changer âœ…,633,11,2023-04-06T23:09:17Z,3670,https://i.ytimg.com/vi/Hq6hBcY-ZX0/hqdefault.jpg
https://www.youtube.com/watch?v=TItA2EgX7cw,æ‰‹æ’ space gear 4wd,3280,56,2023-04-06T14:36:37Z,905000,https://i.ytimg.com/vi/TItA2EgX7cw/hqdefault.jpg
https://www.youtube.com/watch?v=oWPy7w-3g7k,Kenya gears up to launch its first ever satellite into space!,13093,423,2023-04-05T14:00:27Z,336000,https://i.ytimg.com/vi/oWPy7w-3g7k/hqdefault.jpg
https://www.youtube.com/watch?v=E044GSMbwDM,"DEVELOPER DIRECT, BLIZZARD, RUMORES, HALO Y GEARS, DEAD SPACE, TLOU... | La Alpha / La Beta | S01E07",0,0,2023-04-05T07:49:51Z,7,https://i.ytimg.com/vi/E044GSMbwDM/hqdefault.jpg
https://www.youtube.com/watch?v=tdcHpzEjoMk,Fallen Gear | LanÃ§amento Mousepads Space Candy,171,9,2023-04-04T17:53:20Z,3630,https://i.ytimg.com/vi/tdcHpzEjoMk/hqdefault.jpg
https://www.youtube.com/watch?v=Iuo81ERO0hc,Scale Car Plastic Model AOSHIMA 1/24 PE8W DELICA SPACE GEAR unboxing fullbuild step by step,696,0,2023-04-03T10:00:09Z,13200,https://i.ytimg.com/vi/Iuo81ERO0hc/hqdefault.jpg
https://www.youtube.com/watch?v=FYfiAyMw9TU,"1997 Mitsubishi Space Gear Monster Van Protagonist Vehicle Cold Start, Walk around, long drive.",450,3,2023-04-02T21:08:09Z,4,https://i.ytimg.com/vi/FYfiAyMw9TU/hqdefault.jpg
https://www.youtube.com/watch?v=NKhMUqdaQRI,å‹è² Space Gear æ™ºä¹˜æ——è‰¦æ©Ÿ å…«æ ¸å¿ƒ 9å‹å®‰å“ç³»çµ±ä¸»æ©Ÿ Android 10ï¼Œ2K QLED CarPlay DSP è—èŠ½5.0 å°èˆª å‹è²æ±½è»ŠéŸ³éŸ¿ å½±éŸ³ç§‘æŠ€ Mitsubishi ä¸‰è±,172,2,2023-03-28T13:04:20Z,3990,https://i.ytimg.com/vi/NKhMUqdaQRI/hqdefault.jpg
https://www.youtube.com/watch?v=k1MLyLkD0Wc,GEAR TIME M.T. SPACE,10,2,2023-03-27T17:08:08Z,2170,https://i.ytimg.com/vi/k1MLyLkD0Wc/hqdefault.jpg
https://www.youtube.com/watch?v=uO_yYygePys,Landing Gear with Suspensionï½œSpace Engineers,52954,1580,2023-03-27T12:56:53Z,667,https://i.ytimg.com/vi/uO_yYygePys/hqdefault.jpg
https://www.youtube.com/watch?v=7A0xkwyXDg0,2bytes Unveils Pentapeak Studios' Upcoming PC Strategy 'Space Gears',28,0,2023-03-26T21:15:01Z,2110,https://i.ytimg.com/vi/7A0xkwyXDg0/hqdefault.jpg
https://www.youtube.com/watch?v=fZ9C_-yk0X0,"Gears 5, We Won This Match But I Ran Outta Space (I Still Posted It)",4,0,2023-03-26T16:27:05Z,371,https://i.ytimg.com/vi/fZ9C_-yk0X0/hqdefault.jpg
https://www.youtube.com/watch?v=ZTVj4MpgEjY,Create Astral. Space Reborn. Episode 38. Day 213. Recovering My Gear from the Moon. part 2,32,1,2023-03-25T19:29:44Z,649,https://i.ytimg.com/vi/ZTVj4MpgEjY/hqdefault.jpg
https://www.youtube.com/watch?v=mmv8X0soiVY,space gear l400,0,0,2023-06-02T16:24:11Z,18,https://i.ytimg.com/vi/mmv8X0soiVY/hqdefault.jpg
https://www.youtube.com/watch?v=OUrE8Q3fIcY,ë‚¨ë“¤ì´ ë””ì•„4í• ë•Œ ì €ëŠ” RTSë§Œ í•©ë‹ˆë‹¤ ìŠ¤í˜ì´ìŠ¤ê¸°ì–´ì¦ˆ(SPACE GEARS) ì‚¬ì „ í…ŒìŠ¤íŠ¸,362,13,2023-06-02T15:55:25Z,7980,https://i.ytimg.com/vi/OUrE8Q3fIcY/hqdefault.jpg
https://www.youtube.com/watch?v=7JRSp9BkrSI,[ì‹ ì‘ ê²Œì„] êµ­ì‚° SF ì „ëµ RTS ê²Œì„ 'ìŠ¤í˜ì´ìŠ¤ ê¸°ì–´ì¦ˆ' í”Œë ˆì´. í™”ì„± í…Œë¼í¬ë° ì‹¤ì‹œê°„ ì „ëµ ì‹œë®¬ë ˆì´ì…˜ SLG ê²Œì„ ê¸°ëŒ€ì‘? (2023ë…„ ì¶œì‹œì˜ˆì • ìŠ¤íŒ€ PC ê²Œì„),119,2,2023-06-02T12:53:41Z,6270,https://i.ytimg.com/vi/7JRSp9BkrSI/hqdefault.jpg
https://www.youtube.com/watch?v=c1ZpG5QRFs0,ãƒ†ãƒ³ãƒã®é€Ÿã„æˆ¦é—˜ãŒãƒ¡ã‚¤ãƒ³ã®æ–°ä½œRTSã€Space Gearsãƒ—ãƒ¬ã‚¤ãƒ†ã‚¹ãƒˆã€‘å®Ÿæ³,352,5,2023-06-02T12:44:54Z,25600,https://i.ytimg.com/vi/c1ZpG5QRFs0/hqdefault.jpg
https://www.youtube.com/watch?v=JwXksV7Undc,ğŸ”´ Space Gears Playtest,7,0,2023-06-02T12:16:30Z,327,https://i.ytimg.com/vi/JwXksV7Undc/hqdefault.jpg
https://www.youtube.com/watch?v=QvaiVdXzuxw,Space Gears [FR] Un RTS en ligne! Assemblez une armÃ©e de Mecha pour controller et terraformer Mars!,4182,300,2023-06-02T10:00:30Z,417000,https://i.ytimg.com/vi/QvaiVdXzuxw/hqdefault.jpg
https://www.youtube.com/watch?v=9gvFLPFpWtc,Getting lost in the Colony Cruiser ğŸµ Monkey Losing Gear in Space,0,1,2023-06-02T01:54:54Z,9530,https://i.ytimg.com/vi/9gvFLPFpWtc/hqdefault_live.jpg
https://www.youtube.com/watch?v=9y0lOs4rb3I,ë…¸ë°”1492 íƒí‹°ì»¬ì»¤ë§¨ë”ìŠ¤ ì´í›„ 20ì—¬ë…„ë§Œì˜ ì˜¨ë¼ì¸ ì „ëµì‹œë®¬ë ˆì´ì…˜ ìŠ¤í˜ì´ìŠ¤ ê¸°ì–´ì¦ˆ(Space Gears) :  ì „ëµì‹œë®¬ë ˆì´ì…˜ rtsgame,1364,41,2023-06-01T15:45:00Z,7980,https://i.ytimg.com/vi/9y0lOs4rb3I/hqdefault.jpg
https://www.youtube.com/watch?v=Xov7XjPurFg,ìŠ¤í˜ì´ìŠ¤ê¸°ì–´ì¦ˆ(SPACE GEARS) ì‚¬ì „ í…ŒìŠ¤íŠ¸ ì‹ ì‘ êµ­ì‚° ì „ëµì‹œë®¬ë ˆì´ì…˜,801,15,2023-06-01T15:18:41Z,7980,https://i.ytimg.com/vi/Xov7XjPurFg/hqdefault.jpg
https://www.youtube.com/watch?v=EyspLHquP9s,Space Gearsï½œê²Œì„ ê¸°ì´ˆ ê°€ì´ë“œ,1669,29,2023-06-01T06:12:20Z,322,https://i.ytimg.com/vi/EyspLHquP9s/hqdefault.jpg
https://www.youtube.com/watch?v=U5yyuGkcjbc,Space Gearsï½œí™”ì„±ì—ì„œ ì„ë¬´ë¥¼ ìˆ˜í–‰í•  ì‚¬ë ¹ê´€ë“¤ê»˜ ì²« ì¸ì‚¬ ë“œë¦½ë‹ˆë‹¤!ğŸ¤—,771,33,2023-06-01T06:12:14Z,322,https://i.ytimg.com/vi/U5yyuGkcjbc/hqdefault.jpg
https://www.youtube.com/watch?v=zv0Hw_do1gY,20ì—¬ë…„ë§Œì˜ êµ­ì‚° ì˜¨ë¼ì¸ ì „ëµì‹œë®¬ë ˆì´ì…˜ SPACE GEARS -  :  ì „ëµì‹œë®¬ë ˆì´ì…˜ rtsgame,452,12,2023-05-31T22:00:35Z,7980,https://i.ytimg.com/vi/zv0Hw_do1gY/hqdefault.jpg
https://www.youtube.com/watch?v=HDHL0W2LRXM,Space Engineers Fully Retractable Landing Gear Teaser,275,18,2023-05-31T21:00:13Z,1000,https://i.ytimg.com/vi/HDHL0W2LRXM/hqdefault.jpg
https://www.youtube.com/watch?v=2qwvz_tw6GE,Space Gears [PC] PvP Showdown Trailer,90,1,2023-05-26T17:47:50Z,10100,https://i.ytimg.com/vi/2qwvz_tw6GE/hqdefault.jpg
https://www.youtube.com/watch?v=8bpns_jYpj8,[ë¯¸ìŠ¤íƒ€ë¡œë¹ˆ] êµ­ì‚° ì‹ ì‘! RTS ìŠ¤í˜ì´ìŠ¤ ê¸°ì–´ì¦ˆ PVP I Space gears,1866,36,2023-05-26T14:04:01Z,19900,https://i.ytimg.com/vi/8bpns_jYpj8/hqdefault.jpg
https://www.youtube.com/watch?v=6v7hKkdpIUc,Warhammer 40.000 SPACE MARINE 2 : Combat Gameplay Trailer 4K,5955,69,2023-05-26T10:01:54Z,520000,https://i.ytimg.com/vi/6v7hKkdpIUc/hqdefault.jpg
https://www.youtube.com/watch?v=3HnxDMQiB34,Space Gearsï½œã€Œí‰ì› ì‡¼ë‹¤ìš´ã€ PvP ê²Œì„ í”Œë ˆì´ í•˜ì´ë¼ì´íŠ¸,2563,44,2023-05-26T01:46:49Z,322,https://i.ytimg.com/vi/3HnxDMQiB34/hqdefault.jpg
https://www.youtube.com/watch?v=DJ63Hf8MSjQ,"A SERIOUS COMPETITOR to GEARS OF WAR -  Warhammer 40,000: Space Marine 2",17,3,2023-05-25T19:43:43Z,370,https://i.ytimg.com/vi/DJ63Hf8MSjQ/hqdefault.jpg
https://www.youtube.com/watch?v=dUQ0aU0YL9E,Enemy Fabricator is captured | Battle in space is happening | Gears of War 4 |  EP 4,24,7,2023-05-24T12:30:08Z,89,https://i.ytimg.com/vi/dUQ0aU0YL9E/hqdefault.jpg
https://www.youtube.com/watch?v=aJ4o71jNupo,ìŠ¤í˜ì´ìŠ¤ê¸°ì–´ì¦ˆ(SPACE GEARS) 2023ë…„  ë…¸ë°”1492 + íƒí‹°ì»¬ì»¤ë§¨ë”ìŠ¤ì—ì„œ í™˜ìƒí•œ êµ­ì‚° ì „ëµì‹œë®¬ë ˆì´ì…˜ rtsgame,891,33,2023-05-23T14:33:03Z,7980,https://i.ytimg.com/vi/aJ4o71jNupo/hqdefault.jpg
https://www.youtube.com/watch?v=CanazpsZLB4,"Dead Space 3 coop part 14, Cover shooting, what is this Gears of War",18,1,2023-05-22T03:48:25Z,21,https://i.ytimg.com/vi/CanazpsZLB4/hqdefault.jpg
https://www.youtube.com/watch?v=EJ52vnrER_w,Marcus Fenix vs Isaac Clarke (Gears of War vs Dead Space),1173,54,2023-05-12T18:54:21Z,1010,https://i.ytimg.com/vi/EJ52vnrER_w/hqdefault.jpg
https://www.youtube.com/watch?v=qWHZp29Xnbs,Outer Space: War Gears - Alpha Campaign Trailer,149,6,2023-05-11T13:25:38Z,246,https://i.ytimg.com/vi/qWHZp29Xnbs/hqdefault.jpg
https://www.youtube.com/watch?v=nVI_u5xW560,[E7] How to Free Up Inventory Space - Gear Holding Explained,838,23,2023-05-09T04:00:56Z,133,https://i.ytimg.com/vi/nVI_u5xW560/hqdefault.jpg
https://www.youtube.com/watch?v=GQD3EHvqv18,Game Boy on a budget - 1996 Mitsubishi Delica L 400 Space Gear For Sale,73,2,2023-05-04T05:59:34Z,1120,https://i.ytimg.com/vi/GQD3EHvqv18/hqdefault.jpg
https://www.youtube.com/watch?v=pkALeRv8Ruc,Space Gear è®Šé€Ÿç®±æ¿¾ç¶²æ›´æ› èšŠé¦™å¼Ÿå¼Ÿçš„å·¥ä½œæ—¥å¸¸,1129,19,2023-05-03T15:42:32Z,855,https://i.ytimg.com/vi/pkALeRv8Ruc/hqdefault.jpg
https://www.youtube.com/watch?v=jjGXVvIGyUw,æ²¹è€—æ¸¬è©¦ Space Gear 2.4 å››è¼ªé©…å‹• æ‰‹æ’ (ç¬¬ä¸€å›) MITSUBISHI MVI 7089,2243,42,2023-05-01T02:00:08Z,905000,https://i.ytimg.com/vi/jjGXVvIGyUw/hqdefault.jpg
https://www.youtube.com/watch?v=yXPjBY-isyc,æ²¹ç®±åŠ æ»¿ç³»åˆ—ä¹‹çŒœçŒœçœ‹ Space Gear 2.4 å››è¼ªé©…å‹• æ‰‹æ’ æ²¹ç®±åŠ æ»¿è¦å¹¾å…¬å‡ MITSUBISHI ä¸­è¯ä¸‰è± 4WD MVI 7085,3006,61,2023-04-30T03:00:11Z,905000,https://i.ytimg.com/vi/yXPjBY-isyc/hqdefault.jpg
https://www.youtube.com/watch?v=szZ_ziyhZ2c,"Moon mystery China, Japan scientists have no answers for mysterious space gear disappearances",86,0,2023-04-28T14:22:04Z,1020,https://i.ytimg.com/vi/szZ_ziyhZ2c/hqdefault.jpg
https://www.youtube.com/watch?v=xI4RDeM1T_0,Gaffer & Gear 225 -  Aputure Space Light,7953,332,2023-04-24T22:00:27Z,42600,https://i.ytimg.com/vi/xI4RDeM1T_0/hqdefault.jpg
https://www.youtube.com/watch?v=MmKIPPPUgi8,Space Gears - ç«æ˜Ÿã‚’èˆå°ã«ã—ãŸæ¬¡ä¸–ä»£RTSã‚²ãƒ¼ãƒ ã€æ–°ä½œã‚²ãƒ¼ãƒ ãƒˆãƒ¬ãƒ¼ãƒ©ãƒ¼ã€‘,267,0,2023-04-24T15:00:53Z,25600,https://i.ytimg.com/vi/MmKIPPPUgi8/hqdefault.jpg
https://www.youtube.com/watch?v=dqYP21FeJ2o,SPACE GEARS - Playtest Now Available - New MECH RTS Game 2023,23,1,2023-04-22T21:00:12Z,254,https://i.ytimg.com/vi/dqYP21FeJ2o/hqdefault.jpg
https://www.youtube.com/watch?v=OjDevazrzxE,SPACE GEARS   - Playtest Now Available   - New MECH RTS Game 2023,3052,132,2023-04-21T19:52:12Z,166000,https://i.ytimg.com/vi/OjDevazrzxE/hqdefault.jpg
https://www.youtube.com/watch?v=AHrfSPiwm7o,Space Gears [PC] Cinematic Trailer,123,2,2023-04-21T15:56:57Z,10100,https://i.ytimg.com/vi/AHrfSPiwm7o/hqdefault.jpg
https://www.youtube.com/watch?v=UPOVAXKwak4,Space Gearsï½œOfficial ì‹œë„¤ë§ˆí‹± íŠ¸ë ˆì¼ëŸ¬,3914,95,2023-04-21T06:34:43Z,322,https://i.ytimg.com/vi/UPOVAXKwak4/hqdefault.jpg
https://www.youtube.com/watch?v=By6Ynqs75Ng,[ë¯¸ìŠ¤íƒ€ë¡œë¹ˆ] êµ­ì‚° ë©”ì¹´ë‹‰ RTS ë² íƒ€ í…ŒìŠ¤íŠ¸ê°€ ì°¾ì•„ì˜µë‹ˆë‹¤! I Space Gears,2538,53,2023-04-20T09:19:10Z,19900,https://i.ytimg.com/vi/By6Ynqs75Ng/hqdefault.jpg
https://www.youtube.com/watch?v=Hq6hBcY-ZX0,Collapses for storage âœ…  70L of space âœ…  Waterproof materials âœ…  Gear management game changer âœ…,633,11,2023-04-06T23:09:17Z,3670,https://i.ytimg.com/vi/Hq6hBcY-ZX0/hqdefault.jpg
https://www.youtube.com/watch?v=TItA2EgX7cw,æ‰‹æ’ space gear 4wd,3280,56,2023-04-06T14:36:37Z,905000,https://i.ytimg.com/vi/TItA2EgX7cw/hqdefault.jpg
https://www.youtube.com/watch?v=oWPy7w-3g7k,Kenya gears up to launch its first ever satellite into space!,13093,423,2023-04-05T14:00:27Z,336000,https://i.ytimg.com/vi/oWPy7w-3g7k/hqdefault.jpg
https://www.youtube.com/watch?v=E044GSMbwDM,"DEVELOPER DIRECT, BLIZZARD, RUMORES, HALO Y GEARS, DEAD SPACE, TLOU... | La Alpha / La Beta | S01E07",0,0,2023-04-05T07:49:51Z,7,https://i.ytimg.com/vi/E044GSMbwDM/hqdefault.jpg
https://www.youtube.com/watch?v=tdcHpzEjoMk,Fallen Gear | LanÃ§amento Mousepads Space Candy,171,9,2023-04-04T17:53:20Z,3630,https://i.ytimg.com/vi/tdcHpzEjoMk/hqdefault.jpg
https://www.youtube.com/watch?v=Iuo81ERO0hc,Scale Car Plastic Model AOSHIMA 1/24 PE8W DELICA SPACE GEAR unboxing fullbuild step by step,696,0,2023-04-03T10:00:09Z,13200,https://i.ytimg.com/vi/Iuo81ERO0hc/hqdefault.jpg
https://www.youtube.com/watch?v=FYfiAyMw9TU,"1997 Mitsubishi Space Gear Monster Van Protagonist Vehicle Cold Start, Walk around, long drive.",450,3,2023-04-02T21:08:09Z,4,https://i.ytimg.com/vi/FYfiAyMw9TU/hqdefault.jpg
https://www.youtube.com/watch?v=NKhMUqdaQRI,å‹è² Space Gear æ™ºä¹˜æ——è‰¦æ©Ÿ å…«æ ¸å¿ƒ 9å‹å®‰å“ç³»çµ±ä¸»æ©Ÿ Android 10ï¼Œ2K QLED CarPlay DSP è—èŠ½5.0 å°èˆª å‹è²æ±½è»ŠéŸ³éŸ¿ å½±éŸ³ç§‘æŠ€ Mitsubishi ä¸‰è±,172,2,2023-03-28T13:04:20Z,3990,https://i.ytimg.com/vi/NKhMUqdaQRI/hqdefault.jpg
https://www.youtube.com/watch?v=k1MLyLkD0Wc,GEAR TIME M.T. SPACE,10,2,2023-03-27T17:08:08Z,2170,https://i.ytimg.com/vi/k1MLyLkD0Wc/hqdefault.jpg
https://www.youtube.com/watch?v=uO_yYygePys,Landing Gear with Suspensionï½œSpace Engineers,52954,1580,2023-03-27T12:56:53Z,667,https://i.ytimg.com/vi/uO_yYygePys/hqdefault.jpg
https://www.youtube.com/watch?v=7A0xkwyXDg0,2bytes Unveils Pentapeak Studios' Upcoming PC Strategy 'Space Gears',28,0,2023-03-26T21:15:01Z,2110,https://i.ytimg.com/vi/7A0xkwyXDg0/hqdefault.jpg
https://www.youtube.com/watch?v=fZ9C_-yk0X0,"Gears 5, We Won This Match But I Ran Outta Space (I Still Posted It)",4,0,2023-03-26T16:27:05Z,371,https://i.ytimg.com/vi/fZ9C_-yk0X0/hqdefault.jpg
https://www.youtube.com/watch?v=ZTVj4MpgEjY,Create Astral. Space Reborn. Episode 38. Day 213. Recovering My Gear from the Moon. part 2,32,1,2023-03-25T19:29:44Z,649,https://i.ytimg.com/vi/ZTVj4MpgEjY/hqdefault.jpg
https://www.youtube.com/watch?v=0A-hXVmvJbc,MITSUBISHI SPACE GEAR DELICA HOW TO REPAIR STARTER MOTOR & SOLENOID STARTER?,101,4,2023-03-24T01:00:02Z,499,https://i.ytimg.com/vi/0A-hXVmvJbc/hqdefault.jpg
